{"cameraMode":{"drawMode":0,"name":"Shaded","section":"Shading Mode"},"sceneLighting":false,"audioPlay":false,"sceneViewState":{"showFog":true,"showMaterialUpdate":false,"showSkybox":false,"showFlares":true,"showImageEffects":true,"showParticleSystems":true},"in2DMode":false,"pivot":{"x":-0.21415255963802339,"y":-0.14657604694366456,"z":-11.800052642822266},"rotation":{"x":0.2600425183773041,"y":-0.6371921896934509,"z":0.24225467443466187,"w":0.683997392654419},"size":0.93782639503479,"orthographic":false}