{"cameraMode":{"drawMode":0,"name":"Shaded","section":"Shading Mode"},"sceneLighting":false,"audioPlay":false,"sceneViewState":{"showFog":true,"showMaterialUpdate":false,"showSkybox":false,"showFlares":true,"showImageEffects":true,"showParticleSystems":true},"in2DMode":false,"pivot":{"x":-1.2207942008972169,"y":1.3364782333374024,"z":3.3059706687927248},"rotation":{"x":-0.3140046298503876,"y":-0.3025950789451599,"z":0.10761572420597077,"w":-0.8942648768424988},"size":0.3962704837322235,"orthographic":false}