{"cameraMode":{"drawMode":0,"name":"Shaded","section":"Shading Mode"},"sceneLighting":false,"audioPlay":false,"sceneViewState":{"showFog":true,"showMaterialUpdate":false,"showSkybox":false,"showFlares":true,"showImageEffects":true,"showParticleSystems":true},"in2DMode":false,"pivot":{"x":-0.032205190509557727,"y":-0.1376100778579712,"z":-20.05219841003418},"rotation":{"x":0.6944841146469116,"y":0.017909275367856027,"z":-0.017295751720666887,"w":0.7190776467323303},"size":0.9378272294998169,"orthographic":true}