{"cameraMode":{"drawMode":0,"name":"Shaded","section":"Shading Mode"},"sceneLighting":false,"audioPlay":false,"sceneViewState":{"showFog":true,"showMaterialUpdate":false,"showSkybox":false,"showFlares":true,"showImageEffects":true,"showParticleSystems":true},"in2DMode":false,"pivot":{"x":0.7828468084335327,"y":1.0478330850601197,"z":-47.82282638549805},"rotation":{"x":-0.3968103528022766,"y":0.4929468035697937,"z":-0.26348355412483218,"w":-0.729527473449707},"size":0.9588234424591065,"orthographic":false}