{"cameraMode":{"drawMode":0,"name":"Shaded","section":"Shading Mode"},"sceneLighting":false,"audioPlay":false,"sceneViewState":{"showFog":true,"showMaterialUpdate":false,"showSkybox":false,"showFlares":true,"showImageEffects":true,"showParticleSystems":true},"in2DMode":false,"pivot":{"x":1.488621711730957,"y":2.2693636417388918,"z":5.934338092803955},"rotation":{"x":0.3472376763820648,"y":0.09426601231098175,"z":-0.035307470709085467,"w":0.9327138662338257},"size":0.6816892027854919,"orthographic":false}